Feature,Coefficient
current_price,95.05002396492218
price_ratio,0.029671872999855606
sales_volume,0.029225403483303807
discount,-0.0003142285908236332
cost_price,-0.0009640922779209501
profit_margin,-0.0021517755798013713
customer_rating,-0.017986631153125602
