feature,coefficient
intercept,9.99999999999239
cost_price,-1.0548677104868007e-12
current_price,1.0530536945912994e-12
customer_rating,10.00000000000002
discount,100.00000000000001
sales_volume,-0.009999999999985076
profit_margin,-1.0550356079145202e-12
price_ratio,1.3193457295127549e-13
