Dataset,MSE,R²
Train,251.2717988218809,0.9729419625179728
Test,252.71085297461144,0.9723792959603157
