Metric,Value
Train MSE,251.27179884226007
Test MSE,252.71083461754947
CV MSE,251.30689028595194
Train R²,0.9729419625157784
Test R²,0.9723792979666995
