Feature,Importance
current_price,100.60615244826516
cost_price,27.288165761598886
sales_volume,0.06568374145217223
customer_rating,-0.25619847027749504
price_ratio,-0.5561520701800943
profit_margin,-0.5783661780056336
discount,-0.7127047313004495
