Feature,Importance
current_price,95.04988025840709
price_ratio,0.029671395679151915
sales_volume,0.02924171210648827
discount,-0.0003139789874930144
cost_price,-0.0009625811392578546
profit_margin,-0.0021520396823706757
customer_rating,-0.01798678696123778
